category,score
misc,0.22
beauty,0.19333333333333333
household,0.12
sports,0.12
pet,0.08666666666666667
